Label,Ans
9,program which mimics the problem-solving and decision-making capabilities of the human mind.
1,I don't know.
1,Not sure
8,AI simulation of human intelligence processes by machines
8,building smart machines capable of performing tasks that typically require human intelligence.
8,Artificial intelligence(AI) is intelligence perceiving synthesizing and inferring information demonstrated by machines as opposed to intelligence displayed by non-human animals and humans.
8,process of writing code to facilitate specific actions in a computer application or software program and instructs them on how to perform.
9,Artificial intelligence leverages computers and machines to mimic the problem-solving and decision-making capabilities of the human mind.
7,complex tasks that once required human input such as communicating with customers online or playing chess.
0,AI is a storage that is used to store and organize data.
1,I dont really know.
10,Artificial intelligence (AI) is a set of technologies that enable computers to perform a variety of advanced functions including the ability to see understand and translate spoken and written language analyze data make recommendations and more.
3,high-level general-purpose programming language.
9,makes it possible for machines to learn from experience adjust to new inputs and perform human-like tasks.
8,AI is the backbone of innovation in modern computing unlocking value for individuals and businesses by helping to automate processes and providing insights into large datasets.
2,study of correct reasoning
9,is the field of computer science dedicated to solving cognitive problems commonly associated with human intelligence
1,I dont really know.
7,machines to learn from experience
0,a storage that is used to store information
6, AI computer science human interaction
0, same as computer networking